CWE,Alert ID,File,Line,EVICT Label,Confidence,Stage,Rationale
cwe36,PA_PUBLIC_PRIMITIVE_ATTRIBUTE,juliet/testcases/CWE36_Absolute_Path_Traversal/CWE36_Absolute_Path_Traversal__console_readLine_22b.java,119,TP,1.00,Calibrated,"The static analysis alert indicates that a primitive field is public, which could lead to potential vulnerabilities, particularly in the context of the provided code. The code includes a method that reads input from the console, which is then used as a file path. This is a classic case of absolute path traversal vulnerability. Since the method `badSource()` can return user-controlled input (from `System.in`), if this input is not properly validated or sanitized, it may allow an attacker to read arbitrary files on the server. The public access modifier on the primitive field could further exacerbate this issue by allowing unintended access to this vulnerable data. Therefore, this represents a real vulnerability, making it a True Positive."
cwe36,RCN_REDUNDANT_NULLCHECK_OF_NONNULL_VALUE,juliet/testcases/CWE36_Absolute_Path_Traversal/CWE36_Absolute_Path_Traversal__PropertiesFile_13.java,162,TP,1.00,Calibrated,"The alert indicates a potential flaw due to a redundant null check for a variable known to be non-null. In the provided code, the variable 'data' is assigned from a properties file, which is a bad source that can lead to an Absolute Path Traversal vulnerability. Although 'data' is checked for nullity before being used to create a File object, there is a possibility that the property 'data' could still be empty or improperly set, leading to unintended file access. The control flow allows 'data' to be set to an unvalidated value, which can be dangerous if the input is manipulated. Therefore, the presence of a null check on 'data' does not mitigate the underlying vulnerability adequately, making this a true positive."
cwe36,RCN_REDUNDANT_NULLCHECK_OF_NONNULL_VALUE,juliet/testcases/CWE36_Absolute_Path_Traversal/CWE36_Absolute_Path_Traversal__File_02.java,192,TP,1.00,Calibrated,"The static analysis alert indicates a redundant null check on a value that is known to be non-null. In the provided code, specifically at line 192, there is a check for 'data != null' after reading from a file. The data is initialized to an empty string and then set to the content read from 'C:\data.txt'. Since the code flow guarantees that 'data' is initialized with a value read from a file (and not set to null in the relevant flow), the null check is redundant. This could potentially lead to a situation where the application behaves incorrectly, especially if the logic relies on the assumption that 'data' could be null. Hence, this is a true positive indicating a concern in the code that should be addressed."
cwe36,PA_PUBLIC_PRIMITIVE_ATTRIBUTE,juliet/testcases/CWE36_Absolute_Path_Traversal/CWE36_Absolute_Path_Traversal__File_22b.java,38,TP,1.00,Calibrated,"The analysis reveals that the `badSource` method reads data directly from a file (`C:\data.txt`) and assigns it to the `data` variable. Since this variable is public and can be accessed from outside the class, it poses a security risk of absolute path traversal if the `CWE36_Absolute_Path_Traversal__File_22a.badPublicStatic` condition is true. The lack of explicit path constraints further suggests that the input could be manipulated to exploit this vulnerability. Therefore, the static analysis alert correctly identifies a potential vulnerability due to the public exposure of a variable that can contain arbitrary file data."
cwe36,RCN_REDUNDANT_NULLCHECK_OF_NONNULL_VALUE,juliet/testcases/CWE36_Absolute_Path_Traversal/CWE36_Absolute_Path_Traversal__getQueryString_Servlet_02.java,58,FP,1.00,Calibrated,The null check for the variable 'data' is redundant because 'data' is always initialized to a non-null value (an empty string). This does not indicate a security vulnerability but rather a coding inefficiency.
cwe36,RCN_REDUNDANT_NULLCHECK_OF_NONNULL_VALUE,juliet/testcases/CWE36_Absolute_Path_Traversal/CWE36_Absolute_Path_Traversal__database_09.java,190,TP,1.00,Calibrated,"The static analysis alert indicates a redundant null check for a variable (`data`) that is known to be non-null at that point in the code. This is consistent with the data flow in the `bad` method, where the variable `data` is assigned a value from a database query without validation. The null check occurs after the assignment, which is unnecessary because it is guaranteed that the code execution path will assign a value to `data` (as long as `IO.STATIC_FINAL_TRUE` is true). This redundancy suggests that the code might not properly handle cases where the database query returns null or an unexpected value, leading to potential vulnerabilities in path traversal or file reading operations. Thus, the alert describes a legitimate issue, indicating a true positive."
cwe36,RCN_REDUNDANT_NULLCHECK_OF_NONNULL_VALUE,juliet/testcases/CWE36_Absolute_Path_Traversal/CWE36_Absolute_Path_Traversal__getQueryString_Servlet_04.java,147,TP,1.00,Calibrated,"The static analysis alert indicates a potential vulnerability related to file access via user input from the query string. The code fetches the 'id' parameter directly from the URL query string without validation, which could lead to an absolute path traversal vulnerability if an attacker manipulates the query string. The presence of a null check on the 'data' variable (which comes from user input) before using it in a file access context is indeed redundant, as the code structure guarantees that 'data' will be assigned a value (even if it's an empty string) when the condition for entering the 'bad' method is true. Therefore, it's reasonable to classify this scenario as a true positive, as the flow allows for the possibility of accessing unintended file paths based on unvalidated user input."
cwe36,RCN_REDUNDANT_NULLCHECK_OF_NONNULL_VALUE,juliet/testcases/CWE36_Absolute_Path_Traversal/CWE36_Absolute_Path_Traversal__File_06.java,278,TP,1.00,Calibrated,"The static analysis alert indicates a redundant null check for a variable `data` that is known to be non-null at the point of the check. The `data` variable is eventually assigned a value from a file read operation. This presents a potential security vulnerability, specifically an absolute path traversal issue, because the value of `data` is derived from user-controlled input without any validation or sanitization. The check for `data != null` is redundant since it is assigned a non-null value earlier in the code. The presence of this flaw could allow an attacker to read arbitrary files on the system, which aligns with the characteristics of a true positive vulnerability related to file handling. Thus, the claim of a redundant null check in this context is valid, indicating a true positive security vulnerability."
cwe36,RCN_REDUNDANT_NULLCHECK_OF_NONNULL_VALUE,juliet/testcases/CWE36_Absolute_Path_Traversal/CWE36_Absolute_Path_Traversal__console_readLine_16.java,163,FP,1.00,Calibrated,"The static analysis alert regarding the redundant null check on 'data' is a False Positive. The check is unnecessary because 'data' is initialized, and while there is a significant risk associated with using user input for file paths, the alert does not directly address that broader vulnerability."
cwe36,ST_WRITE_TO_STATIC_FROM_INSTANCE_METHOD,juliet/testcases/CWE36_Absolute_Path_Traversal/CWE36_Absolute_Path_Traversal__getCookies_Servlet_22a.java,119,TP,1.00,Calibrated,"The analysis indicates a potential vulnerability due to the use of data from cookies to construct file paths without validation, leading to a risk of absolute path traversal. The static method `bad()` sets a public static variable to true, which controls the flow to a method that reads cookie data. This data is then used to create a `File` object without proper validation. If an attacker can manipulate the cookie, they could exploit this to read arbitrary files on the server. The lack of path constraints and the presence of unvalidated user input make this a genuine vulnerability scenario, thus it is classified as a True Positive."
cwe36,DMI_HARDCODED_ABSOLUTE_FILENAME,juliet/testcases/CWE36_Absolute_Path_Traversal/CWE36_Absolute_Path_Traversal__File_03.java,42,TP,1.00,Calibrated,"The analysis indicates a potential vulnerability due to the hardcoded absolute path reference to 'C:\data.txt'. This can lead to an Absolute Path Traversal vulnerability, especially since the file is read and its contents are utilized without proper validation. Even though the code includes control flow that initializes 'data' with a safe string in the 'good' methods, the 'bad' method directly uses the hardcoded path for file input, which is a significant security risk if the code were executed in an untrusted context. Therefore, this scenario is a True Positive."
cwe36,PA_PUBLIC_PRIMITIVE_ATTRIBUTE,juliet/testcases/CWE36_Absolute_Path_Traversal/CWE36_Absolute_Path_Traversal__console_readLine_22b.java,36,TP,1.00,Calibrated,"The static analysis alert indicates that a primitive field is public, which can lead to security vulnerabilities, especially in the context of the provided code related to absolute path traversal. The code reads input directly from the console, which is potentially untrusted data, and uses it in a context where it may be passed to a file read operation, which is a common scenario for path traversal vulnerabilities. The fact that the source of the data is controlled by a public static variable adds to the risk, as it allows external influence over the flow of the program. Therefore, the analysis points to a legitimate security concern regarding how user input is handled and the visibility of the public static variable."
cwe36,PA_PUBLIC_PRIMITIVE_ATTRIBUTE,juliet/testcases/CWE36_Absolute_Path_Traversal/CWE36_Absolute_Path_Traversal__console_readLine_68b.java,29,TP,1.00,Calibrated,"The code demonstrates a potential absolute path traversal vulnerability. The method `badSink()` reads input from the console (via `CWE36_Absolute_Path_Traversal__console_readLine_68a.data`), which is not validated before being used to create a `File` object. This allows an attacker to potentially provide a malicious file path, which can lead to unauthorized file access. The presence of the public primitive field is a contributing factor, as it exposes the data source directly to external input without any encapsulation or validation, thus reinforcing the vulnerability. The flow from the source to the sink shows that user input directly influences file access without any checks, confirming that this is indeed a true positive."
cwe36,RCN_REDUNDANT_NULLCHECK_OF_NONNULL_VALUE,juliet/testcases/CWE36_Absolute_Path_Traversal/CWE36_Absolute_Path_Traversal__PropertiesFile_61a.java,107,TP,1.00,Calibrated,"The static analysis alert indicates a redundant null check for a variable known to be non-null. In the provided code, the 'data' variable is obtained from the 'badSource()' method, which is intended to read data from a properties file without any validation. If 'data' is not null, it proceeds to check if the file exists and is a file, which indicates a potential vulnerability to path traversal since the source of 'data' is unvalidated. This code could allow an attacker to specify a file path that the application can access, leading to unauthorized file access. Therefore, the alert is likely a true positive as it identifies a point where a malicious actor could exploit the application, making it a potential security vulnerability."
cwe36,ST_WRITE_TO_STATIC_FROM_INSTANCE_METHOD,juliet/testcases/CWE36_Absolute_Path_Traversal/CWE36_Absolute_Path_Traversal__connect_tcp_68a.java,37,TP,1.00,Calibrated,"The code demonstrates a potential vulnerability related to Absolute Path Traversal. The static field 'data' is being set in an instance method 'bad()' by reading from an outbound TCP connection. This data is subsequently used in a sink method which is not shown in the provided code but is implied to be susceptible to path traversal vulnerabilities. The lack of explicit path constraints and the nature of the data source (external input via TCP) indicate that the application does not validate the input properly, leading to a potential security risk. Therefore, this analysis indicates a True Positive."
cwe36,ST_WRITE_TO_STATIC_FROM_INSTANCE_METHOD,juliet/testcases/CWE36_Absolute_Path_Traversal/CWE36_Absolute_Path_Traversal__connect_tcp_22a.java,119,TP,1.00,Calibrated,"The static variable 'badPublicStatic' is set to true, leading to a call to 'badSource()' that reads data from a TCP connection without validation. This data is then used to create a File object, allowing for potential absolute path traversal and arbitrary file reading, indicating a real vulnerability."
cwe36,RCN_REDUNDANT_NULLCHECK_OF_NONNULL_VALUE,juliet/testcases/CWE36_Absolute_Path_Traversal/CWE36_Absolute_Path_Traversal__PropertiesFile_17.java,152,FP,1.00,Calibrated,The null check on 'data' is necessary because it can be null if the properties file does not contain the 'data' key. The analyzer's claim of redundancy is incorrect.
cwe36,DMI_HARDCODED_ABSOLUTE_FILENAME,juliet/testcases/CWE36_Absolute_Path_Traversal/CWE36_Absolute_Path_Traversal__File_51a.java,39,TP,1.00,Calibrated,"The code contains a hardcoded reference to an absolute pathname, specifically 'C:\data.txt', which can lead to an absolute path traversal vulnerability. The data read from this file is then passed to another method (badSink) without proper validation or sanitization, presenting a risk of arbitrary file access or exposure of sensitive data. The absence of explicit path constraints and the flow of data from the file input directly to a sink method further indicate that this is indeed a true positive vulnerability."
cwe36,RCN_REDUNDANT_NULLCHECK_OF_NONNULL_VALUE,juliet/testcases/CWE36_Absolute_Path_Traversal/CWE36_Absolute_Path_Traversal__getCookies_Servlet_04.java,142,TP,1.00,Calibrated,"The null check on 'data' is redundant because it is derived from cookies, but the value is not validated before being used to access the filesystem, which poses a potential absolute path traversal vulnerability."
cwe36,RCN_REDUNDANT_NULLCHECK_OF_NONNULL_VALUE,juliet/testcases/CWE36_Absolute_Path_Traversal/CWE36_Absolute_Path_Traversal__connect_tcp_02.java,191,TP,1.00,Calibrated,"The provided code contains a potential vulnerability related to absolute path traversal. The variable 'data' is populated from an external TCP connection, and subsequently used to create a File object and read from it without proper validation. Even though there's a null check on 'data', it does not prevent malicious input from being used to access arbitrary files on the system. The code lacks proper sanitization of the input that comes from the network, making it vulnerable to path traversal attacks. Therefore, the static analysis alert regarding a redundant null check highlights a real security issue, classifying this as a True Positive."
cwe36,RCN_REDUNDANT_NULLCHECK_OF_NONNULL_VALUE,juliet/testcases/CWE36_Absolute_Path_Traversal/CWE36_Absolute_Path_Traversal__database_03.java,270,TP,1.00,Calibrated,"The analyzer claims that there is a redundant null check on a value that is known to be non-null. In this code, the variable 'data' is populated by a database query, which, while it might return a value, could potentially lead to a null value if the query does not find any results. The code checks if 'data' is not null before attempting to create a File object and read from it. However, if the database query fails or if the result is empty, 'data' can indeed be null, which makes this check necessary. Therefore, while there is a null check, it is not necessarily redundant because 'data' could be null under certain conditions. Given that there is a potential for 'data' to be null and that it directly affects file handling (which can lead to security issues like path traversal), this indicates a true positive for security vulnerability related to improper input validation."
cwe36,RCN_REDUNDANT_NULLCHECK_OF_NONNULL_VALUE,juliet/testcases/CWE36_Absolute_Path_Traversal/CWE36_Absolute_Path_Traversal__PropertiesFile_04.java,249,TP,1.00,Calibrated,"The SpotBugs alert indicates a redundant null check on a variable 'data' that is assigned from a properties file. In the 'bad' method, 'data' is initially set to an empty string and then potentially updated from a properties file. The check 'if (data != null)' is redundant because 'data' cannot be null after being initialized. Moreover, if the properties file is manipulated, it can lead to a path traversal vulnerability if 'data' contains malicious input. Therefore, this alert highlights a real issue in the code, which can potentially lead to a security vulnerability. Thus, it is classified as a True Positive."
cwe36,RCN_REDUNDANT_NULLCHECK_OF_NONNULL_VALUE,juliet/testcases/CWE36_Absolute_Path_Traversal/CWE36_Absolute_Path_Traversal__database_16.java,180,TP,1.00,Calibrated,"The code is vulnerable to an absolute path traversal attack because it reads user input from a database without validation and uses it to create a file object. Although there is a redundant null check, the critical vulnerability lies in the fact that the 'data' variable is derived from a database query, which is potentially untrusted input. This can lead to unauthorized file access if an attacker can manipulate the database values. Thus, the alert about a redundant null check does not negate the existence of a real vulnerability."
cwe36,PA_PUBLIC_PRIMITIVE_ATTRIBUTE,juliet/testcases/CWE36_Absolute_Path_Traversal/CWE36_Absolute_Path_Traversal__Property_22b.java,30,TP,1.00,Calibrated,"The static analysis alert indicates a potential vulnerability related to public access of a primitive field that can lead to an absolute path traversal. In the provided code, the method `badSource()` retrieves the value of the system property `user.home`, which can be influenced by external input. This value, when used unvalidated in file operations, can expose the application to path traversal attacks. The evidence shows that the flow is partially present but lacks explicit constraints, yet it's clear that the code could lead to a situation where an attacker could manipulate the property to access arbitrary files on the system. Therefore, this alert represents a real vulnerability (True Positive)."
cwe36,RCN_REDUNDANT_NULLCHECK_OF_NONNULL_VALUE,juliet/testcases/CWE36_Absolute_Path_Traversal/CWE36_Absolute_Path_Traversal__Property_09.java,127,ABSTAIN,1.00,Calibrated,"Error calling openai: Expecting ',' delimiter: line 3 column 192 (char 213)"
cwe36,PA_PUBLIC_PRIMITIVE_ATTRIBUTE,juliet/testcases/CWE36_Absolute_Path_Traversal/CWE36_Absolute_Path_Traversal__getParameter_Servlet_22b.java,50,TP,1.00,Calibrated,"The static analysis alert indicates that there is a public primitive field that may lead to a security vulnerability, specifically an Absolute Path Traversal vulnerability. The provided code slice shows that the method 'badSource' retrieves data from an HTTP request parameter using 'request.getParameter()', which can be manipulated by an attacker. This data is then used as input to a file reading function (sink), which is a classic case for an Absolute Path Traversal vulnerability. The lack of explicit path constraints and missing constraints further supports the concern that the data could be exploited, leading to a real vulnerability. Therefore, this is a True Positive."
cwe36,RCN_REDUNDANT_NULLCHECK_OF_NONNULL_VALUE,juliet/testcases/CWE36_Absolute_Path_Traversal/CWE36_Absolute_Path_Traversal__getCookies_Servlet_09.java,215,TP,1.00,Calibrated,"The alert indicates a redundant null check on a variable that is inferred to be non-null based on the data flow analysis. The relevant code indicates that if there are cookies, the first cookie's value is used directly without validation. This could lead to an absolute path traversal vulnerability if an attacker can manipulate the cookie value to point to sensitive files on the server. Even though the null check is present, it does not mitigate the risk of using unvalidated data in constructing a file path, confirming the presence of a vulnerability."
cwe36,RCN_REDUNDANT_NULLCHECK_OF_NONNULL_VALUE,juliet/testcases/CWE36_Absolute_Path_Traversal/CWE36_Absolute_Path_Traversal__PropertiesFile_42.java,161,TP,1.00,Calibrated,"The static analysis alert indicates a redundant null check for a value that is known to be non-null. In this case, the `badSource()` method reads data from a properties file, which can potentially contain unvalidated data. The `bad()` method checks if `data` is not null before proceeding to create a `File` object and read from it. However, since the data is read from an external properties file, there is a risk that it could be manipulated to contain a harmful path, leading to an absolute path traversal vulnerability. Therefore, the null check may be considered redundant, as the real concern is the validation of the input data before it is used. The data flow indicates that the value can indeed lead to a vulnerability due to how the file input is handled. Thus, this is a true positive as it highlights a genuine risk in the code."
cwe36,ST_WRITE_TO_STATIC_FROM_INSTANCE_METHOD,juliet/testcases/CWE36_Absolute_Path_Traversal/CWE36_Absolute_Path_Traversal__listen_tcp_22a.java,36,TP,1.00,Calibrated,"The code exposes a vulnerability due to the use of an unvalidated input source (data read from a TCP connection) that is subsequently used to construct a file path. This leads to a potential absolute path traversal scenario, allowing an attacker to read arbitrary files from the filesystem if they are able to control the input to the TCP socket. The static field `badPublicStatic` controls the flow to the bad source, which confirms that the data can be influenced externally. Therefore, this is a true positive indicating a real vulnerability."
cwe36,RCN_REDUNDANT_NULLCHECK_OF_NONNULL_VALUE,juliet/testcases/CWE36_Absolute_Path_Traversal/CWE36_Absolute_Path_Traversal__console_readLine_61a.java,107,TP,1.00,Calibrated,"The code demonstrates a potential vulnerability related to absolute path traversal. The data used to create the `File` object (which is read from the console) is not validated or sanitized, meaning an attacker could potentially provide a malicious input that allows access to unintended files on the file system. The warning about a 'redundant null check' is misleading in this context, as the real issue lies in the fact that the data source is untrusted (input from console) and can lead to serious security issues if exploited. Thus, the alert is a True Positive."
cwe36,MS_PKGPROTECT,juliet/testcases/CWE36_Absolute_Path_Traversal/CWE36_Absolute_Path_Traversal__getCookies_Servlet_22a.java,30,TP,1.00,Calibrated,"The code allows for unvalidated input through cookies which can lead to an absolute path traversal vulnerability. The static public variable directly affects the control flow, allowing potentially unsafe data to be used in file operations without proper validation."
cwe36,MS_PKGPROTECT,juliet/testcases/CWE36_Absolute_Path_Traversal/CWE36_Absolute_Path_Traversal__getQueryString_Servlet_68a.java,0,TP,1.00,Calibrated,"The 'data' field is public, allowing external access and potential manipulation, which, combined with user input parsed from the URL query string, creates a security risk of absolute path traversal. This aligns with the conditions for a vulnerability."
cwe36,RCN_REDUNDANT_NULLCHECK_OF_NONNULL_VALUE,juliet/testcases/CWE36_Absolute_Path_Traversal/CWE36_Absolute_Path_Traversal__Environment_04.java,134,TP,1.00,Calibrated,"The static analysis alert indicates a redundant null check for a value that is known to be non-null. In the provided code, the value 'data' is assigned from an environment variable, which can be potentially unset or null. Although the null check exists, the data can be manipulated through the environment variable, leading to a risk of an absolute path traversal vulnerability when the 'data' is used to create a File object. If 'data' is null, the code will not execute the file reading logic, but if an unexpected value is provided through the environment variable, it could lead to unauthorized file access. Therefore, despite the null check, the overall flow still presents a real vulnerability scenario, confirming that this is a True Positive."
cwe36,MS_PKGPROTECT,juliet/testcases/CWE36_Absolute_Path_Traversal/CWE36_Absolute_Path_Traversal__connect_tcp_22a.java,30,TP,1.00,Calibrated,"The alert indicates that a field should be package protected, which refers to the visibility of the variable 'badPublicStatic' that controls the flow of data from a TCP connection to a file reading operation. In the 'bad' method, a potentially unvalidated input is used to create a File object, and if this input is controlled by an attacker, it may lead to an absolute path traversal vulnerability, allowing the attacker to read arbitrary files from the filesystem. The analysis shows a direct data flow from the source (the TCP connection) to the sink (the file read operation), without any validation or constraints applied to the input, which satisfies the conditions for a true vulnerability. Therefore, this is classified as a True Positive."
cwe36,RCN_REDUNDANT_NULLCHECK_OF_NONNULL_VALUE,juliet/testcases/CWE36_Absolute_Path_Traversal/CWE36_Absolute_Path_Traversal__getCookies_Servlet_12.java,136,TP,1.00,Calibrated,"The analysis indicates a potential vulnerability related to absolute path traversal. The `data` variable can be influenced by values from cookies, which may come from user input. Although there is a null check on `data`, the actual concern is that if the `data` variable is populated from a cookie, it could lead to a file being read from an arbitrary path if not properly validated, exposing the application to a path traversal attack. The presence of the null check is not relevant to mitigating the risk of path traversal, as the data could still be malicious. Thus, this scenario matches the conditions for a true positive regarding absolute path traversal vulnerability."
cwe36,RCN_REDUNDANT_NULLCHECK_OF_NONNULL_VALUE,juliet/testcases/CWE36_Absolute_Path_Traversal/CWE36_Absolute_Path_Traversal__connect_tcp_13.java,271,TP,1.00,Calibrated,"The analysis indicates that there is a potential vulnerability related to absolute path traversal. The data flow in the provided code snippet shows that the variable 'data' is set by reading from a TCP socket, which can lead to unvalidated input being used to construct a file path. When this unvalidated data is subsequently checked for null and then used to create a File object, it poses a risk of accessing sensitive files on the filesystem if the input is manipulated. Thus, the redundant null check is indeed relevant in the context of this vulnerability, making it a true positive."
cwe36,PA_PUBLIC_PRIMITIVE_ATTRIBUTE,juliet/testcases/CWE36_Absolute_Path_Traversal/CWE36_Absolute_Path_Traversal__getCookies_Servlet_68b.java,29,TP,1.00,Calibrated,"The static analysis alert indicates that a primitive field is public, which is relevant to the security concern of absolute path traversal. The code demonstrates a clear vulnerability where user-controlled input (in this case, data from HTTP cookies) is used to construct a file path without validation. This can lead to unauthorized access to files on the server if an attacker is able to manipulate the cookie value. The presence of the public primitive field allows an attacker to access and potentially modify the source of the input. Given that the flow of data from the source (cookie) to the sink (file reading) is evident and there are no path constraints to prevent malicious input, this scenario constitutes a genuine security vulnerability."
cwe36,ST_WRITE_TO_STATIC_FROM_INSTANCE_METHOD,juliet/testcases/CWE36_Absolute_Path_Traversal/CWE36_Absolute_Path_Traversal__Property_68a.java,47,TP,1.00,Calibrated,"The static field 'data' is populated from a system property, which can be controlled by an attacker. The lack of validation before this data is used in a file read operation poses a clear risk of absolute path traversal vulnerabilities."
cwe36,RCN_REDUNDANT_NULLCHECK_OF_NONNULL_VALUE,juliet/testcases/CWE36_Absolute_Path_Traversal/CWE36_Absolute_Path_Traversal__console_readLine_02.java,173,TP,1.00,Calibrated,"The static analysis alert suggests a redundant null check on a value that is known to be non-null. In the provided code, the `data` variable is assigned a value read from the console. The potential flaw arises from the fact that `data` can be null if the input from the console fails (e.g., if there's an IOException). However, the flow of the program ensures that `data` is initialized before the null check when the control flow enters the `bad()` method. Since the code does not validate the user input and uses it directly to create a `File` object, this leads to a potential vulnerability of absolute path traversal when the user provides crafted input. Thus, this situation constitutes a real vulnerability, making this a true positive."
cwe36,MS_PKGPROTECT,juliet/testcases/CWE36_Absolute_Path_Traversal/CWE36_Absolute_Path_Traversal__Environment_68a.java,0,TP,1.00,Calibrated,"The static analysis alert indicates that a field should be package protected, which aligns with the concerns raised by the absolute path traversal vulnerability described in the CWE. In the provided code, there is a member variable 'data' that is assigned a value from an environment variable, leading to potential exposure to path traversal attacks. Since this data can be manipulated externally, it could allow an attacker to access unintended files on the system. The lack of explicit path constraints and the flow being marked as partial suggests that there may be conditions under which the vulnerability is exploitable. Therefore, this situation qualifies as a true positive since it presents a genuine security risk."
cwe36,RCN_REDUNDANT_NULLCHECK_OF_NONNULL_VALUE,juliet/testcases/CWE36_Absolute_Path_Traversal/CWE36_Absolute_Path_Traversal__listen_tcp_04.java,213,TP,1.00,Calibrated,"The alert indicates a redundant null check for a variable that is controlled by an external source (TCP connection). It is guaranteed to be non-null based on the control flow, but the data can still be manipulated to create an absolute path traversal vulnerability, making the alert valid."
cwe36,RCN_REDUNDANT_NULLCHECK_OF_NONNULL_VALUE,juliet/testcases/CWE36_Absolute_Path_Traversal/CWE36_Absolute_Path_Traversal__getParameter_Servlet_31.java,130,TP,1.00,Calibrated,"The static analysis alert indicates a redundant null check for a variable that is known to be non-null, which suggests that the data flow analysis has correctly identified that the 'data' variable, retrieved from the HTTP request's parameter, is indeed potentially unvalidated and could lead to an absolute path traversal vulnerability. The code performs a null check on 'data', but since 'data' is taken directly from user input (request.getParameter('name')), it could be manipulated by an attacker. The presence of the readFile sink indicates that the application is at risk of reading arbitrary files from the file system if the input is not properly sanitized. Therefore, despite the alert claiming redundancy, the context implies a real vulnerability exists, making this a true positive."
cwe36,RCN_REDUNDANT_NULLCHECK_OF_NONNULL_VALUE,juliet/testcases/CWE36_Absolute_Path_Traversal/CWE36_Absolute_Path_Traversal__Environment_16.java,117,FP,1.00,Calibrated,"The null check on 'data' is not redundant because 'data' is assigned from an environment variable, which can be null. Therefore, the null check is necessary to prevent potential null pointer exceptions."
cwe36,DMI_HARDCODED_ABSOLUTE_FILENAME,juliet/testcases/CWE36_Absolute_Path_Traversal/CWE36_Absolute_Path_Traversal__File_21.java,117,TP,1.00,Calibrated,"The analysis indicates a clear path from a bad source (reading from a hardcoded file path 'C:\data.txt') to a sink that reads the file contents without validation. This can lead to an absolute path traversal vulnerability, as an attacker can manipulate the contents of 'data.txt' to include paths to sensitive files. The lack of path constraints further supports the potential for exploitation. Therefore, it is reasonable to classify this alert as a True Positive (TP)."
cwe36,RCN_REDUNDANT_NULLCHECK_OF_NONNULL_VALUE,juliet/testcases/CWE36_Absolute_Path_Traversal/CWE36_Absolute_Path_Traversal__PropertiesFile_03.java,162,TP,1.00,Calibrated,"The static analysis alert indicates a redundant null check for a value that is known to be non-null. In the provided code, the variable 'data' is assigned from a properties file, which is considered a bad source and can potentially lead to an absolute path traversal vulnerability if unvalidated input is used to create a File object. Although the subsequent check for 'data != null' is present, it does not mitigate the risk posed by the initial assignment from a potentially untrusted source. Furthermore, the flow indicates that without proper validation, the code could lead to unauthorized file access. Therefore, the presence of a null check does not address the core issue of input validation, confirming the presence of a real vulnerability. The alert is thus a True Positive."
cwe36,PA_PUBLIC_PRIMITIVE_ATTRIBUTE,juliet/testcases/CWE36_Absolute_Path_Traversal/CWE36_Absolute_Path_Traversal__connect_tcp_22b.java,115,TP,1.00,Calibrated,"The static analysis alert indicates that there is a public primitive field, which is a potential security vulnerability. In this case, the public static variable controls the flow of data from a potentially unsafe source (an outbound TCP connection). The method 'badSource()' reads data from a socket, and that data can be manipulated by an external entity, which is then used in a file-reading operation, potentially leading to an absolute path traversal vulnerability. Given that the alert specifically points to the public nature of the field and that there are no explicit path constraints to mitigate this risk, it supports the claim of a true positive vulnerability."
cwe36,PT_RELATIVE_PATH_TRAVERSAL,juliet/testcases/CWE36_Absolute_Path_Traversal/CWE36_Absolute_Path_Traversal__getParameter_Servlet_05.java,54,TP,1.00,Calibrated,"The code directly uses unvalidated user input from the HTTP request to create a File object, which can lead to unauthorized access to files on the server. This meets all conditions for a Relative Path Traversal vulnerability."
cwe36,MS_PKGPROTECT,juliet/testcases/CWE36_Absolute_Path_Traversal/CWE36_Absolute_Path_Traversal__getQueryString_Servlet_22a.java,30,TP,1.00,Calibrated,"The static analysis alert indicates that the field should be package protected, which is relevant to security best practices. The code contains a potential vulnerability related to absolute path traversal, where user input (from the URL query string) is used to construct a file path. The analysis shows that the input is not properly validated, allowing an attacker to manipulate the input to access arbitrary files on the server. This aligns with the CWE-36 Absolute Path Traversal vulnerability. The presence of public static variables to control flow further complicates the situation by allowing external influences on the logic of the application. Therefore, this is a true positive as it represents a real security vulnerability."
cwe36,RCN_REDUNDANT_NULLCHECK_OF_NONNULL_VALUE,juliet/testcases/CWE36_Absolute_Path_Traversal/CWE36_Absolute_Path_Traversal__connect_tcp_42.java,192,FP,1.00,Calibrated,"The null check on 'data' is redundant because it is initialized to an empty string, ensuring it is never null under normal circumstances. The actual concern here is about the data coming from TCP potentially leading to a path traversal issue, but the alert specifically addresses the null check, which is unnecessary."
cwe36,DMI_HARDCODED_ABSOLUTE_FILENAME,juliet/testcases/CWE36_Absolute_Path_Traversal/CWE36_Absolute_Path_Traversal__File_53a.java,40,TP,1.00,Calibrated,"The static analysis alert indicates a hardcoded reference to an absolute pathname, specifically referencing the file path 'C:\data.txt' in the bad method. This is a classic case of an absolute path traversal vulnerability. The code reads data from this file without validating the input, making it possible for an attacker to exploit this by manipulating the file path or contents. Since there are no constraints that mitigate this risk and the potential for misuse is evident from the data flow, this analysis suggests that the alert is indeed a true positive."
cwe36,PA_PUBLIC_PRIMITIVE_ATTRIBUTE,juliet/testcases/CWE36_Absolute_Path_Traversal/CWE36_Absolute_Path_Traversal__getQueryString_Servlet_22b.java,85,TP,1.00,Calibrated,"The static analysis alert points to a potential vulnerability due to the public visibility of a field that is used to construct a file path from user input (URL query string). The method 'badSource' parses the 'id' parameter directly from the query string without proper validation or sanitization. If the public static variable 'badPublicStatic' is true, the data obtained from the query string could be exploited to perform an absolute path traversal attack. This is a classic example of CWE-36 (Absolute Path Traversal), where an attacker could manipulate the 'id' parameter to read arbitrary files from the server. The lack of path constraints in the analysis also indicates that the flow of data could lead to unsafe file access. Therefore, this alert is a True Positive indicating a real security vulnerability."
cwe36,RCN_REDUNDANT_NULLCHECK_OF_NONNULL_VALUE,juliet/testcases/CWE36_Absolute_Path_Traversal/CWE36_Absolute_Path_Traversal__console_readLine_31.java,179,TP,1.00,Calibrated,"The static analysis alert indicates a redundant null check on a variable known to be non-null. In the provided code, the variable 'data' is set to the result of 'readLine()' which can return null if an error occurs while reading input. However, since there is no explicit handling of this scenario, it is possible for 'data' to remain null, thus the null check before creating a File object is relevant. Furthermore, the read input can be manipulated by an attacker if they input a malicious path, leading to a potential path traversal vulnerability when the file is read without validation. Therefore, the code does present a real vulnerability, making this a True Positive."
cwe36,RCN_REDUNDANT_NULLCHECK_OF_NONNULL_VALUE,juliet/testcases/CWE36_Absolute_Path_Traversal/CWE36_Absolute_Path_Traversal__Property_04.java,214,TP,1.00,Calibrated,"The code in question contains a potential vulnerability related to absolute path traversal. The data source is a system property (user.home), which can be manipulated, leading to the risk of accessing arbitrary files on the filesystem. The static analysis alert indicates a redundant null check, but the underlying issue is that the value of 'data' can be influenced by external input (system property), making the file read operation unsafe. Therefore, this alert represents a true positive as it highlights a legitimate security vulnerability within the code."
cwe36,ST_WRITE_TO_STATIC_FROM_INSTANCE_METHOD,juliet/testcases/CWE36_Absolute_Path_Traversal/CWE36_Absolute_Path_Traversal__Environment_22a.java,191,TP,1.00,Calibrated,"The static analysis alert indicates a potential vulnerability related to absolute path traversal, which can occur when unvalidated input is used to read files. The extracted evidence shows that the program reads data from an environment variable and uses it to create a File object without any validation. This can lead to arbitrary file access if the environment variable is manipulated. The code in the 'bad' method demonstrates this flaw directly by allowing the user to control the path of the file being read. Given these factors, the alert is a true positive."
cwe36,MS_PKGPROTECT,juliet/testcases/CWE36_Absolute_Path_Traversal/CWE36_Absolute_Path_Traversal__Property_22a.java,30,TP,1.00,Calibrated,"The code demonstrates a potential Absolute Path Traversal vulnerability due to using data obtained from a property without proper validation. The 'badSource()' method can read data from system properties, which might include arbitrary file paths. The sink operation, which involves reading a file based on this unvalidated input, creates a security risk. The lack of constraints and the presence of a public static variable driving control flow suggest that the input can indeed lead to exploitation. Therefore, the alert indicating that the field should be package protected is valid and indicative of a real vulnerability."
cwe36,RCN_REDUNDANT_NULLCHECK_OF_NONNULL_VALUE,juliet/testcases/CWE36_Absolute_Path_Traversal/CWE36_Absolute_Path_Traversal__connect_tcp_02.java,271,FP,1.00,Calibrated,"The null check for the variable 'data' is not redundant because 'data' can potentially be null if the TCP read operation fails. The control flow guarantees that 'data' is assigned, but it does not guarantee that the value will be non-null, making the null check necessary."
cwe36,ST_WRITE_TO_STATIC_FROM_INSTANCE_METHOD,juliet/testcases/CWE36_Absolute_Path_Traversal/CWE36_Absolute_Path_Traversal__getParameter_Servlet_22a.java,36,TP,1.00,Calibrated,"The static analysis alert indicates a potential vulnerability due to the usage of an unvalidated input from the HTTP request parameter in the context of file reading. The `bad()` method retrieves data from the `getParameter()` method, which can be manipulated by an attacker, leading to absolute path traversal if the data is not properly validated. The presence of the `badPublicStatic` variable indicates that control flow can be influenced, leading to the execution of the vulnerable code path where the unvalidated input is used to create a file object. The lack of explicit path constraints and the potential for arbitrary file access confirm that this is a real vulnerability, classifying this alert as a True Positive."
cwe36,RCN_REDUNDANT_NULLCHECK_OF_NONNULL_VALUE,juliet/testcases/CWE36_Absolute_Path_Traversal/CWE36_Absolute_Path_Traversal__File_06.java,198,FP,1.00,Calibrated,"The alert indicates a redundancy in a null check for a variable that is guaranteed to be non-null (it is either an empty string or populated by file read). However, the code presents a potential security vulnerability related to Absolute Path Traversal due to unvalidated user input, which is not the focus of the alert. Hence, the alert can be classified as a False Positive regarding the specific redundancy claim."
cwe36,PA_PUBLIC_PRIMITIVE_ATTRIBUTE,juliet/testcases/CWE36_Absolute_Path_Traversal/CWE36_Absolute_Path_Traversal__getCookies_Servlet_22b.java,80,TP,1.00,Calibrated,"The static analysis alert is based on a potential vulnerability related to absolute path traversal due to the use of public static fields. The evidence indicates that if the public static variable 'badPublicStatic' is true, the method 'badSource' reads data from HTTP cookies, which can be manipulated by an attacker. This data is then passed to a sink that reads a file from the disk. The lack of explicit path constraints and the flow indicating that the source can lead to a potentially unsafe sink strongly supports that this is a true positive, as the application may be vulnerable to an absolute path traversal attack."
cwe36,RCN_REDUNDANT_NULLCHECK_OF_NONNULL_VALUE,juliet/testcases/CWE36_Absolute_Path_Traversal/CWE36_Absolute_Path_Traversal__listen_tcp_09.java,206,TP,1.00,Calibrated,"The static analysis alert indicates a redundant null check on a variable that is being assigned a value from a potentially unsafe source (a TCP socket) before being used to create a File object. The variable 'data' can be null if the TCP connection fails or if no data is received, but it is checked for null before being used as a file path. This indicates that while the null check is technically redundant, it highlights a potential vulnerability if unvalidated input is passed to the File constructor. Therefore, the presence of unvalidated user input that could lead to an absolute path traversal vulnerability is a valid concern, making this a True Positive."
cwe36,RCN_REDUNDANT_NULLCHECK_OF_NONNULL_VALUE,juliet/testcases/CWE36_Absolute_Path_Traversal/CWE36_Absolute_Path_Traversal__Environment_17.java,114,TP,1.00,Calibrated,"The static analysis alert indicates a redundant null check for a variable that is known to be non-null. In this case, the variable 'data' is assigned from an environment variable, and although it is checked for nullity before being used to create a File object, it comes from an uncertain source (the environment) that may not guarantee that it is non-null. The potential for a path traversal vulnerability exists because the user-controlled input (environment variable) is directly used to access the file system without proper validation. Therefore, the analysis of this code does indicate a real vulnerability, confirming the alert as a True Positive."
cwe36,ST_WRITE_TO_STATIC_FROM_INSTANCE_METHOD,juliet/testcases/CWE36_Absolute_Path_Traversal/CWE36_Absolute_Path_Traversal__PropertiesFile_22a.java,36,TP,1.00,Calibrated,"The static analysis alert indicates there's a potential vulnerability related to absolute path traversal. The evidence shows that the method reads data from a properties file without proper validation, which can be exploited to access unintended files on the filesystem if the data is manipulated by an attacker. The flow of data from the bad source to the sink indicates that a malicious input could lead to unauthorized file access, thus confirming the presence of a true vulnerability. The flow constraints are missing, but the situation described aligns with a classic path traversal vulnerability scenario."
cwe36,RCN_REDUNDANT_NULLCHECK_OF_NONNULL_VALUE,juliet/testcases/CWE36_Absolute_Path_Traversal/CWE36_Absolute_Path_Traversal__console_readLine_13.java,253,TP,1.00,Calibrated,"The static analysis alert indicates a redundant null check for a value known to be non-null. In the provided program slice, the variable `data` is assigned the value from user input, which is taken from the console using `readLine()`. This means that `data` can potentially be null if an exception occurs during reading. However, in the current flow, if the condition `IO.STATIC_FINAL_FIVE == 5` is true, the only assignment to `data` occurs after reading the input. Thus, the check for `data != null` is necessary to prevent a null pointer exception. However, a security vulnerability exists where `data` can be controlled by user input, leading to potential path traversal when `data` is used to create a `File` object. Therefore, the code could indeed lead to a vulnerability (CWE-36: Absolute Path Traversal) due to the lack of validation on the user input. Hence, the analysis indicates a True Positive."
cwe36,RCN_REDUNDANT_NULLCHECK_OF_NONNULL_VALUE,juliet/testcases/CWE36_Absolute_Path_Traversal/CWE36_Absolute_Path_Traversal__getParameter_Servlet_02.java,127,ABSTAIN,1.00,Calibrated,"Error calling openai: Expecting ',' delimiter: line 3 column 185 (char 206)"
cwe36,RCN_REDUNDANT_NULLCHECK_OF_NONNULL_VALUE,juliet/testcases/CWE36_Absolute_Path_Traversal/CWE36_Absolute_Path_Traversal__getParameter_Servlet_12.java,128,TP,1.00,Calibrated,"The static analysis alert indicates a redundant null check on a variable that is known to be non-null. In the provided code, the variable 'data' is assigned a value from 'request.getParameter()' in one branch of the conditional statement. If the condition evaluates to 'true', 'data' could potentially be null if the parameter does not exist in the request, which means the null check is necessary. However, if 'data' is not null, it is then used to create a File object and check for its existence and type, leading to a potential path traversal vulnerability if the input is not properly validated. Thus, the null check is relevant in the context of the potential vulnerability, making this case a true positive."
cwe36,PA_PUBLIC_PRIMITIVE_ATTRIBUTE,juliet/testcases/CWE36_Absolute_Path_Traversal/CWE36_Absolute_Path_Traversal__getParameter_Servlet_68b.java,29,TP,1.00,Calibrated,"The static analysis alert indicates a potential security vulnerability due to the use of a public primitive field that is exposed to external input via the `getParameter` method of the `HttpServletRequest`. The extracted evidence shows that `data` is assigned from `CWE36_Absolute_Path_Traversal__getParameter_Servlet_68a.data`, which can be influenced by user input. This input is then used to create a `File` object without any validation or sanitization, leading to a potential Absolute Path Traversal vulnerability. Since the code flow demonstrates that unvalidated user input directly affects file system access, this constitutes a true positive scenario for a security vulnerability."
cwe36,RCN_REDUNDANT_NULLCHECK_OF_NONNULL_VALUE,juliet/testcases/CWE36_Absolute_Path_Traversal/CWE36_Absolute_Path_Traversal__getQueryString_Servlet_17.java,128,TP,1.00,Calibrated,"The static analysis alert indicates a redundant null check on a value that is known to be non-null. In the provided code, the 'data' variable is set to an empty string initially, and it is then potentially modified by parsing the query string for an 'id' parameter. If the parameter is not present in the query string, 'data' will still be an empty string, which is not null. However, the subsequent check 'if (data != null)' will always evaluate to true, leading to unnecessary checks later on. Furthermore, the flow leads to a potential absolute path traversal vulnerability where the unvalidated 'data' could be used to access arbitrary files on the filesystem. The lack of explicit path constraints and the nature of the data flow suggest that there is indeed a real vulnerability present due to the potential for manipulation of the input leading to unsafe file access. Therefore, this is classified as a True Positive."
cwe36,ST_WRITE_TO_STATIC_FROM_INSTANCE_METHOD,juliet/testcases/CWE36_Absolute_Path_Traversal/CWE36_Absolute_Path_Traversal__listen_tcp_22a.java,119,TP,1.00,Calibrated,"The code demonstrates a potential vulnerability due to the use of unvalidated user input to construct a file path. In the 'bad()' method, the public static variable 'badPublicStatic' is set to true, which causes the method to call 'badSource()' from the 'CWE36_Absolute_Path_Traversal__listen_tcp_22b' class. If 'badSource()' returns a path obtained from a TCP connection, this can lead to an absolute path traversal vulnerability when the file is read without proper validation. The absence of explicit path constraints further supports the likelihood of a vulnerability, as it indicates that the analysis could not ascertain safe usage conditions for the file path. Given that the extracted evidence indicates a data flow from a potentially unsafe source to a sink that reads files, this alert qualifies as a true positive."
cwe36,ST_WRITE_TO_STATIC_FROM_INSTANCE_METHOD,juliet/testcases/CWE36_Absolute_Path_Traversal/CWE36_Absolute_Path_Traversal__PropertiesFile_22a.java,191,TP,1.00,Calibrated,The code reads a file path from an unvalidated properties file and uses it directly to access the file system. The flow is controlled by a static variable that allows for the unvalidated input to lead to a potential absolute path traversal vulnerability.
cwe36,RCN_REDUNDANT_NULLCHECK_OF_NONNULL_VALUE,juliet/testcases/CWE36_Absolute_Path_Traversal/CWE36_Absolute_Path_Traversal__Property_06.java,213,FP,1.00,Calibrated,"The alert indicates a redundant null check of a value known to be non-null, which is evident from the static analysis. In this code, the variable 'data' is assigned a value from 'System.getProperty(""user.home"")', which will always return a non-null string representing the user's home directory unless the property is not set. The actual risk of a vulnerability, such as an absolute path traversal, is mitigated since the data is a standard system property and the check 'if (data != null)' is effectively redundant. Therefore, while there is a potential concern about using unvalidated data for file operations, the specific alert regarding a redundant null check does not indicate a true vulnerability in this context."
cwe36,RCN_REDUNDANT_NULLCHECK_OF_NONNULL_VALUE,juliet/testcases/CWE36_Absolute_Path_Traversal/CWE36_Absolute_Path_Traversal__connect_tcp_13.java,191,TP,1.00,Calibrated,"The alert from SpotBugs indicates a redundant null check for a variable known to be non-null. In the provided code, the variable `data` is assigned from an outbound TCP connection. The potential flaw arises because the data read from the TCP connection is not validated before being used to create a File object. The check for `data != null` may seem redundant because it follows the assignment of the read line. However, since the TCP connection could fail to read any data (resulting in `data` being null), the null check is indeed relevant and necessary to prevent a null pointer exception. Thus, this indicates a potential vulnerability related to absolute path traversal due to lack of validation on the input source. Therefore, this analysis concludes that the alert is a true positive."
cwe36,RCN_REDUNDANT_NULLCHECK_OF_NONNULL_VALUE,juliet/testcases/CWE36_Absolute_Path_Traversal/CWE36_Absolute_Path_Traversal__database_42.java,190,TP,1.00,Calibrated,"The static analysis alert indicates a redundant null check on a value that is known to be non-null. In the context of the provided code, the method 'badSource()' retrieves data from a database, which may not guarantee that the data is valid or sanitized, leading to a potential path traversal vulnerability when 'data' is used to create a File object and read from it. The alert correctly identifies that the null check is unnecessary since the 'badSource()' method does not return null under normal execution, but the absence of validation on 'data' after being retrieved from the database poses a real security risk. Therefore, this scenario can indeed lead to a vulnerability, confirming the alert as a True Positive."
cwe36,ST_WRITE_TO_STATIC_FROM_INSTANCE_METHOD,juliet/testcases/CWE36_Absolute_Path_Traversal/CWE36_Absolute_Path_Traversal__PropertiesFile_68a.java,86,TP,1.00,Calibrated,"The static field 'data' is assigned a value from a properties file, which is an untrusted source. This has the potential to lead to an absolute path traversal vulnerability if 'data' is used unsafely in a sink method without proper validation, as indicated by the conditions present in the provided code."
cwe36,RCN_REDUNDANT_NULLCHECK_OF_NONNULL_VALUE,juliet/testcases/CWE36_Absolute_Path_Traversal/CWE36_Absolute_Path_Traversal__getQueryString_Servlet_04.java,65,TP,1.00,Calibrated,"The static analysis alert indicates a potential vulnerability due to the unvalidated use of a user-controlled input (the 'id' parameter from the query string) that is directly used to construct a File object. Even though the specific alert mentions a redundant null check, it is critical to note that the unvalidated input can lead to absolute path traversal vulnerabilities. The method `bad()` processes the data fetched from the query string, assigns it to 'data', and then checks if 'data' is not null before using it to create a File object. Given that the input is derived from the query string without any validation, it can be manipulated by an attacker to point to any file on the server. Therefore, this constitutes a real security vulnerability, confirming the static analysis alert as a True Positive."
cwe36,DMI_HARDCODED_ABSOLUTE_FILENAME,juliet/testcases/CWE36_Absolute_Path_Traversal/CWE36_Absolute_Path_Traversal__File_12.java,42,TP,1.00,Calibrated,"The code contains a hardcoded reference to an absolute pathname (C:\data.txt) which is read from a file without validation. This poses a risk of absolute path traversal if the data value is manipulated or controlled by the user. The flow of data from the file read operation to the file input stream creates a potential vulnerability, as the application does not properly sanitize or validate the input before using it in a file operation. Given that there are no explicit path constraints and the data flow is partially controlled, this is a clear case of a True Positive."
cwe36,RCN_REDUNDANT_NULLCHECK_OF_NONNULL_VALUE,juliet/testcases/CWE36_Absolute_Path_Traversal/CWE36_Absolute_Path_Traversal__PropertiesFile_09.java,162,TP,1.00,Calibrated,"The static analysis alert points to a redundant null check on a variable 'data' that is known to be non-null due to the previous assignment from a properties file. In the 'bad' method, if 'IO.STATIC_FINAL_TRUE' is true, 'data' is assigned a value from an external properties file without any validation, and then there is a check to see if 'data' is not null before using it to create a File object. This is problematic because 'data' could potentially contain unvalidated input leading to an absolute path traversal vulnerability. The null check is redundant since the program flow guarantees that 'data' is assigned a value from the properties file. The lack of explicit path constraints indicates that the flow and conditions for a vulnerability exist, making this a True Positive."
cwe36,RCN_REDUNDANT_NULLCHECK_OF_NONNULL_VALUE,juliet/testcases/CWE36_Absolute_Path_Traversal/CWE36_Absolute_Path_Traversal__console_readLine_13.java,173,TP,1.00,Calibrated,"The static analysis report indicates a redundant null check for the variable 'data'. The context suggests that 'data' is assigned user input from the console. In the 'bad' method, the variable 'data' is read from the console, which could potentially be null if there is an input error or if the end of the stream is reached. However, since 'data' is checked for null before being used to create a File object, this check is deemed redundant given the previous line's assignment. Additionally, if 'data' is not null, it can lead to a vulnerability as it could contain a path traversal attack vector, allowing unauthorized file access. Therefore, this alert indicates a real vulnerability scenario where unvalidated user input is being used in a sensitive operation, confirming it as a True Positive."
cwe36,RCN_REDUNDANT_NULLCHECK_OF_NONNULL_VALUE,juliet/testcases/CWE36_Absolute_Path_Traversal/CWE36_Absolute_Path_Traversal__listen_tcp_13.java,286,TP,1.00,Calibrated,"The analysis indicates a potential vulnerability related to absolute path traversal. The source of the data is unvalidated user input obtained from a TCP connection, which can lead to a scenario where an attacker provides a malicious input. The presence of a null check immediately before the use of the data in a file read operation is redundant since the data is assigned from a socket input stream and is checked for nullity, which could potentially be exploited if the data is manipulated. The flow from data acquisition to its use aligns with known vulnerabilities, confirming the alert from SpotBugs as a true positive."
cwe36,ST_WRITE_TO_STATIC_FROM_INSTANCE_METHOD,juliet/testcases/CWE36_Absolute_Path_Traversal/CWE36_Absolute_Path_Traversal__console_readLine_68a.java,36,TP,1.00,Calibrated,"The static field 'data' is written from an instance method using user input from the console, which can be controlled by attackers. This input is then passed to a sink method that likely performs file operations, creating a significant risk of absolute path traversal vulnerabilities."
cwe36,RCN_REDUNDANT_NULLCHECK_OF_NONNULL_VALUE,juliet/testcases/CWE36_Absolute_Path_Traversal/CWE36_Absolute_Path_Traversal__PropertiesFile_03.java,242,TP,1.00,Calibrated,"The static analysis alert describes a potential vulnerability related to redundant null checks in the context of absolute path traversal. In the provided code, the variable 'data' is assigned a value from a properties file without proper validation or sanitization, which can lead to an absolute path traversal vulnerability if that value is controlled by an attacker. Although there is a null check for 'data', it does not mitigate the risk of path traversal since the source of 'data' is untrusted. Therefore, the alert regarding the redundant null check is valid, as it indicates a situation where the null check does not address the underlying security issue. This indicates a true positive finding."
cwe36,RCN_REDUNDANT_NULLCHECK_OF_NONNULL_VALUE,juliet/testcases/CWE36_Absolute_Path_Traversal/CWE36_Absolute_Path_Traversal__listen_tcp_01.java,198,FP,1.00,Calibrated,"The alert indicates a 'Redundant nullcheck of value known to be non-null', suggesting that the code contains a null check for a variable that should not be null. In the provided code, the `data` variable is indeed initialized as an empty string and is subsequently populated with input from a network socket. However, the null check occurs after potentially reading from the socket, which does not guarantee that `data` will only contain valid paths. In this case, the code does check if `data` is not null before proceeding, but since `data` was initially an empty string and is not set to null afterwards, the null check is redundant given its initialization. Furthermore, because the actual vulnerability comes from using unvalidated input from the socket to create a `File` object, which could lead to a path traversal vulnerability, the alert does not accurately reflect a true positive for a security vulnerability but rather indicates a redundant check that does not affect the overall security of the application. Thus, it is deemed a false positive."
cwe36,ST_WRITE_TO_STATIC_FROM_INSTANCE_METHOD,juliet/testcases/CWE36_Absolute_Path_Traversal/CWE36_Absolute_Path_Traversal__URLConnection_68a.java,102,TP,1.00,Calibrated,"The analysis indicates that the data read from a URL connection is assigned to a static variable `data`, which is then passed to another class's method as a potential sink. This indicates a flow from an untrusted source (the web server) to a sink that could read the data from the filesystem, leading to a potential absolute path traversal vulnerability. The lack of explicit path constraints further supports the concern that the data can be maliciously manipulated to access unintended files. Therefore, the alert represents a real vulnerability situation."
cwe36,PA_PUBLIC_PRIMITIVE_ATTRIBUTE,juliet/testcases/CWE36_Absolute_Path_Traversal/CWE36_Absolute_Path_Traversal__URLConnection_22b.java,124,TP,1.00,Calibrated,"The code contains a public static variable that controls the flow to a method that reads data from a URL connection. This data, which is potentially user-controlled, is then used as input to a sink that reads from the file system. If the data from the URL is manipulated, it could lead to an absolute path traversal vulnerability, allowing an attacker to read arbitrary files on the server. The preconditions for a vulnerability are met, as the data source is public and can be influenced externally, thus this alert is classified as a True Positive."
cwe36,DMI_HARDCODED_ABSOLUTE_FILENAME,juliet/testcases/CWE36_Absolute_Path_Traversal/CWE36_Absolute_Path_Traversal__File_07.java,48,TP,1.00,Calibrated,"The static analysis alert indicates a hard-coded absolute pathname is present in the code. The relevant section of the code reads from a file located at 'C:\data.txt', which is an absolute path. This is a classic case of a potential absolute path traversal vulnerability, where an attacker could manipulate the input or the environment to access arbitrary files on the system, beyond what is intended by the program. The flow of data from the file into the application without proper validation or sanitization constitutes a security risk. Since the code does not impose any constraints on the input beyond checking if the file exists, this enables the possibility of exploiting the absolute path. Furthermore, the absence of explicit path constraints and the indication of a potential flaw in data handling reinforces that this is a true positive."
cwe36,RCN_REDUNDANT_NULLCHECK_OF_NONNULL_VALUE,juliet/testcases/CWE36_Absolute_Path_Traversal/CWE36_Absolute_Path_Traversal__database_06.java,276,FP,1.00,Calibrated,"The null check on 'data' is not redundant because 'data' may be null if the database query returns no results. Thus, the analyzer's claim is misleading."
cwe36,DMI_HARDCODED_ABSOLUTE_FILENAME,juliet/testcases/CWE36_Absolute_Path_Traversal/CWE36_Absolute_Path_Traversal__File_06.java,48,TP,1.00,Calibrated,"The code contains a hardcoded absolute pathname (C:\data.txt) that is used to read data from a file. This can lead to an absolute path traversal vulnerability if the input data is not validated before use, as it allows an attacker to potentially read arbitrary files on the system. The analysis also indicates a lack of constraints and the flow of data from a hardcoded path directly to a file read operation. Therefore, this scenario fits the criteria for a true positive regarding absolute path traversal vulnerabilities."
cwe36,DB_DUPLICATE_BRANCHES,juliet/testcases/CWE36_Absolute_Path_Traversal/CWE36_Absolute_Path_Traversal__getParameter_Servlet_12.java,117,ABSTAIN,1.00,Calibrated,"Error calling openai: Expecting ',' delimiter: line 3 column 180 (char 201)"
cwe15,ST_WRITE_TO_STATIC_FROM_INSTANCE_METHOD,juliet/testcases/CWE15_External_Control_of_System_or_Configuration_Setting/CWE15_External_Control_of_System_or_Configuration_Setting__console_readLine_68a.java,96,TP,1.00,Calibrated,"The static analysis alert indicates a potential vulnerability due to writing to a static field 'data' from an instance method, specifically in the context of external control of system or configuration settings. The code reads user input directly from the console using 'readLine()', which can allow an attacker to manipulate the value of 'data', leading to unexpected behavior when this data is subsequently used in application logic. In this case, the 'bad()' method shows that the user input can be set to the static variable 'data', and the lack of constraints on the input means that this can lead to security issues, thus constituting a true positive detection of a vulnerability."
cwe15,MS_PKGPROTECT,juliet/testcases/CWE15_External_Control_of_System_or_Configuration_Setting/CWE15_External_Control_of_System_or_Configuration_Setting__URLConnection_22a.java,31,TP,1.00,Calibrated,"The SpotBugs alert indicates that a field should be package protected. In the provided code snippet, the class contains a public static boolean variable 'badPublicStatic' that controls the flow of data from a potentially untrusted source (URLConnection) into a database operation (setCatalog). This allows external control over the system's configuration settings, which is a known vulnerability (CWE-15). The data is taken from an external source without proper validation, which can lead to unauthorized access or errors when setting the catalog name. Given that the flow is controlled by a public static variable and there are no explicit constraints preventing it, this constitutes a valid vulnerability case, making it a True Positive."
cwe15,DMI_HARDCODED_ABSOLUTE_FILENAME,juliet/testcases/CWE15_External_Control_of_System_or_Configuration_Setting/CWE15_External_Control_of_System_or_Configuration_Setting__File_13.java,43,TP,1.00,Calibrated,"The code exemplifies a vulnerability related to external control over system settings, specifically through the use of a hardcoded file path ('C:\data.txt') for reading input data. This input is then used to set the catalog name in a database connection, which could lead to unauthorized access or errors due to the potential for the content of the file to be manipulated externally. The absence of explicit path constraints and the nature of the data flow indicates that the data can be influenced by external factors, fulfilling the conditions for a true positive as per CWE-15."
cwe15,PA_PUBLIC_PRIMITIVE_ATTRIBUTE,juliet/testcases/CWE15_External_Control_of_System_or_Configuration_Setting/CWE15_External_Control_of_System_or_Configuration_Setting__File_22b.java,115,TP,1.00,Calibrated,"The static analysis alert indicates that a primitive field is public, which in this context refers to the public static variable controlling the flow of data in the program. The code demonstrates a data flow where a public variable can lead to reading data from a file that is not adequately validated, allowing for potential external control over system configuration settings. The code reads input from a file and assigns it to a variable which is then used in a sink, making it vulnerable to manipulation if an attacker can control the contents of 'data.txt'. This scenario meets the criteria for a true positive vulnerability because the program flows from an uncontrolled source (the file) to a critical sink without proper validation, allowing external influence on system behavior."
cwe15,MS_PKGPROTECT,juliet/testcases/CWE15_External_Control_of_System_or_Configuration_Setting/CWE15_External_Control_of_System_or_Configuration_Setting__database_22a.java,74,TP,1.00,Calibrated,"The analysis indicates a potential security vulnerability due to the use of external input from a database to set the catalog name in a SQL connection. The public static variable 'badPublicStatic' controls the flow of data, allowing an attacker to influence the value of 'data' through manipulation of the database content. This could potentially lead to unauthorized access or exploitation of the database if the value of 'data' is not properly validated. The lack of explicit path constraints and the indication that constraints are missing imply that there are insufficient checks against potentially harmful input. Therefore, this is classified as a True Positive."
cwe15,DMI_HARDCODED_ABSOLUTE_FILENAME,juliet/testcases/CWE15_External_Control_of_System_or_Configuration_Setting/CWE15_External_Control_of_System_or_Configuration_Setting__File_14.java,43,TP,1.00,Calibrated,"The analysis indicates that the code contains a hardcoded reference to an absolute pathname, as seen in the line where the file 'C:\data.txt' is instantiated. This can lead to vulnerabilities such as external control of system or configuration settings if the file's content is used without proper validation. The data read from this file is then used to set the catalog name in the database connection, which can allow for unauthorized access or manipulation of the database if the input is not controlled. Given that the program flow can reach this potentially unsafe operation, the alert is a True Positive."
cwe15,DMI_HARDCODED_ABSOLUTE_FILENAME,juliet/testcases/CWE15_External_Control_of_System_or_Configuration_Setting/CWE15_External_Control_of_System_or_Configuration_Setting__File_54a.java,39,TP,1.00,Calibrated,"The analysis indicates a hard-coded reference to an absolute pathname in the context of reading data from the file 'C:\data.txt'. This code exhibits the characteristics of CWE-15, which is related to external control of system or configuration settings. The 'bad' method reads potentially untrusted data from a file and passes it to a sink without validating or sanitizing the input. This could lead to security vulnerabilities, such as improper configuration settings or even path traversal issues if the data is used in a sensitive context. The absence of explicit path constraints and flow partiality further supports the likelihood of a real vulnerability. Therefore, this alert is considered a True Positive."
cwe15,ST_WRITE_TO_STATIC_FROM_INSTANCE_METHOD,juliet/testcases/CWE15_External_Control_of_System_or_Configuration_Setting/CWE15_External_Control_of_System_or_Configuration_Setting__console_readLine_22a.java,126,TP,1.00,Calibrated,"The code in the provided program slice exhibits a vulnerability where user input from the console is used to set the catalog name in a database connection. Specifically, the method 'bad()' reads data from the console using 'readLine()', which is a tainted source. This data is then passed directly to 'dbConnection.setCatalog(data)', which can lead to a SQL injection or access to unauthorized database catalogs if the input is not properly validated. The absence of explicit path constraints does not negate the potential for exploitation, as the flow of data from a user-controlled source to a critical database operation constitutes a security risk. Therefore, this is classified as a True Positive."
cwe15,MS_PKGPROTECT,juliet/testcases/CWE15_External_Control_of_System_or_Configuration_Setting/CWE15_External_Control_of_System_or_Configuration_Setting__listen_tcp_22a.java,31,TP,1.00,Calibrated,"The analysis indicates that there is a data flow from an external source (TCP connection) to a sink that sets the catalog name in a database connection using potentially untrusted data. The public static variable, which controls the flow, can be manipulated to trigger this vulnerability. Since the variable is public and static, it can be influenced in ways that could allow an attacker to control the value of 'data' used in the 'setCatalog' method. This aligns with the description of the issue as 'External Control of System or Configuration Setting', confirming the existence of a vulnerability."
cwe15,ST_WRITE_TO_STATIC_FROM_INSTANCE_METHOD,juliet/testcases/CWE15_External_Control_of_System_or_Configuration_Setting/CWE15_External_Control_of_System_or_Configuration_Setting__Property_68a.java,31,TP,1.00,Calibrated,"The static field 'data' is assigned from an untrusted source (System property), which meets the criteria for a vulnerability. Although we lack visibility into the 'badSink()' method, the initial conditions suggest that this could lead to an external control of system settings."
cwe15,ST_WRITE_TO_STATIC_FROM_INSTANCE_METHOD,juliet/testcases/CWE15_External_Control_of_System_or_Configuration_Setting/CWE15_External_Control_of_System_or_Configuration_Setting__File_22a.java,126,TP,1.00,Calibrated,"The analysis indicates a potential vulnerability due to the use of a static public variable to control the flow of data that is used to set the catalog name in a database connection. This is a classic example of CWE-15 (External Control of System or Configuration Setting) where an external input (in this case from a file) can lead to unauthorized access or incorrect configuration if not properly sanitized. The extracted evidence shows that the data read from a file can be influenced by external factors, leading to a situation where an attacker could potentially manipulate the input to gain unauthorized access to the database or cause other unintended effects. Therefore, this scenario constitutes a real vulnerability, making it a True Positive."
cwe15,PA_PUBLIC_PRIMITIVE_ATTRIBUTE,juliet/testcases/CWE15_External_Control_of_System_or_Configuration_Setting/CWE15_External_Control_of_System_or_Configuration_Setting__getParameter_Servlet_22b.java,71,TP,1.00,Calibrated,"The analysis indicates a potential vulnerability related to the external control of system or configuration settings. The public static variable 'badPublicStatic' is used to control the flow of data from an HTTP request parameter, which can be manipulated by an attacker. The method 'badSource' reads data directly from the request without validation or sanitization, leading to a situation where the application may be vulnerable to attacks such as injection or other forms of exploitation. Given that the static variable's value can be influenced externally, this aligns with the definition of CWE-15, indicating a real vulnerability rather than a false positive."
cwe15,MS_PKGPROTECT,juliet/testcases/CWE15_External_Control_of_System_or_Configuration_Setting/CWE15_External_Control_of_System_or_Configuration_Setting__Environment_22a.java,31,TP,1.00,Calibrated,"The static analysis alert indicates that a field should be package protected, which is relevant given the context of potential vulnerabilities associated with external control of system or configuration settings. The code snippet demonstrates a data flow where a public static variable (`badPublicStatic`) controls the flow of data from a source that reads from an environment variable. This data is then used to set the catalog name in a database connection, which can lead to unauthorized access or manipulation if an attacker can influence the environment variable. The absence of constraints and the flow being marked as 'True' suggests that there is indeed a vulnerability present where external input can affect critical system operations. Therefore, this is classified as a True Positive."
cwe15,PA_PUBLIC_PRIMITIVE_ATTRIBUTE,juliet/testcases/CWE15_External_Control_of_System_or_Configuration_Setting/CWE15_External_Control_of_System_or_Configuration_Setting__getQueryString_Servlet_68b.java,30,TP,1.00,Calibrated,"The alert indicates a public primitive field, which is potentially dangerous in this context. The method 'badSink' uses the variable 'data' that is populated from a user-controlled source (the query string of an HTTP request). This could lead to an external control vulnerability, as it allows potentially malicious input to influence the database catalog name, which could result in unauthorized access to database catalogs or operations. The program slice confirms that the 'data' variable is being used directly in a database operation without proper validation or sanitation, making it a clear case of a security vulnerability. Therefore, this is classified as a True Positive."
cwe15,MS_PKGPROTECT,juliet/testcases/CWE15_External_Control_of_System_or_Configuration_Setting/CWE15_External_Control_of_System_or_Configuration_Setting__Property_22a.java,73,TP,1.00,Calibrated,"The analysis of the provided code indicates a vulnerability related to external control of system or configuration settings. The public static boolean variable `badPublicStatic` is used to drive control flow, which allows for the execution of potentially unsafe code paths by accepting input from external sources, specifically system properties. The `data` variable is directly assigned a value from the `badSource()` method, which reads from a system property, making it susceptible to external manipulation. This data is then used to set the catalog name on a database connection, which could lead to unauthorized access or manipulation of the database if the value is not validated. Therefore, the alert that suggests the field should be package protected is valid, indicating a real vulnerability that can be exploited. Hence, this is categorized as a True Positive."
cwe15,DMI_HARDCODED_ABSOLUTE_FILENAME,juliet/testcases/CWE15_External_Control_of_System_or_Configuration_Setting/CWE15_External_Control_of_System_or_Configuration_Setting__File_61b.java,39,TP,1.00,Calibrated,"The provided code contains a hardcoded reference to an absolute pathname (C:\data.txt) that is used to read data from a file, which introduces a vulnerability. The method 'badSource()' shows that the data is read from an external file, which is a direct violation of the CWE-15 category, indicating that the source of the data can be externally controlled. This can potentially lead to security issues such as unauthorized access or manipulation of system settings based on the contents of the file. Therefore, the static analysis alert is a True Positive."
cwe15,ST_WRITE_TO_STATIC_FROM_INSTANCE_METHOD,juliet/testcases/CWE15_External_Control_of_System_or_Configuration_Setting/CWE15_External_Control_of_System_or_Configuration_Setting__URLConnection_68a.java,101,TP,1.00,Calibrated,"The static analysis alert indicates a vulnerability regarding writing to a static field from an instance method. In the provided code, the variable 'data' is a public static field that is assigned a value from a potentially untrusted source (data read from a URLConnection). This situation poses a risk because if this data is used in a subsequent operation (such as setting a catalog name) without proper validation, it can lead to security issues such as external control of system or configuration settings, which is aligned with the CWE15 classification. The flow of data from the URLConnection to the static field 'data' meets the criteria for a true positive as it highlights a real vulnerability related to external control of system settings."
cwe15,PA_PUBLIC_PRIMITIVE_ATTRIBUTE,juliet/testcases/CWE15_External_Control_of_System_or_Configuration_Setting/CWE15_External_Control_of_System_or_Configuration_Setting__URLConnection_22b.java,101,TP,1.00,Calibrated,"The code reads input from an external URL without validation, which is a direct violation of secure coding practices. This could lead to vulnerabilities through external control of system or configuration settings, making this a True Positive."
cwe15,DMI_HARDCODED_ABSOLUTE_FILENAME,juliet/testcases/CWE15_External_Control_of_System_or_Configuration_Setting/CWE15_External_Control_of_System_or_Configuration_Setting__File_07.java,49,TP,1.00,Calibrated,"The provided code contains a hardcoded reference to an absolute pathname (C:\data.txt) and reads data from this file into the variable 'data'. This variable is later used to set the catalog name in a database connection, which may pose a risk if the content of the file is controlled by an external actor. The absence of explicit path constraints and the fact that 'data' is influenced by a file read operation indicate a potential vulnerability due to external control over the catalog name. Therefore, this scenario qualifies as a True Positive (TP)."
cwe15,MS_PKGPROTECT,juliet/testcases/CWE15_External_Control_of_System_or_Configuration_Setting/CWE15_External_Control_of_System_or_Configuration_Setting__connect_tcp_22a.java,74,TP,1.00,Calibrated,"The alert indicates that a field should be package protected, which implies that the visibility of certain variables may allow external manipulation or access, potentially leading to security vulnerabilities. In this code, the use of the public static variable 'badPublicStatic' to control flow introduces a significant risk: if this variable is set to true, the method 'bad()' is executed, which reads data from an external TCP connection (indicating untrusted input) and uses that data to set the catalog name of a database connection. This is a classic case of external control of system configuration, as it allows an attacker to potentially manipulate the database connection through unauthorized catalog names, leading to unauthorized access or system misconfiguration. The absence of constraints in the data flow reinforces the risk. Therefore, the vulnerability is real, making it a True Positive."
cwe15,ST_WRITE_TO_STATIC_FROM_INSTANCE_METHOD,juliet/testcases/CWE15_External_Control_of_System_or_Configuration_Setting/CWE15_External_Control_of_System_or_Configuration_Setting__URLConnection_68a.java,37,TP,1.00,Calibrated,"The static analysis alert indicates that there is a potential vulnerability due to writing to a static field from an instance method. In the provided code, the static field 'data' is being assigned a value read from a URL connection, which is inherently unsafe as it allows for external control of the value assigned to 'data'. This can lead to situations where an attacker could manipulate the input from the URL to compromise the application's behavior, thus demonstrating a clear instance of CWE-15: External Control of System or Configuration Setting. The lack of explicit path constraints and the presence of a data flow trace confirms the potential vulnerability. Therefore, this scenario is a True Positive."
cwe15,DMI_HARDCODED_ABSOLUTE_FILENAME,juliet/testcases/CWE15_External_Control_of_System_or_Configuration_Setting/CWE15_External_Control_of_System_or_Configuration_Setting__File_45.java,81,TP,1.00,Calibrated,"The alert indicates a hardcoded reference to an absolute pathname, which poses a risk when the data from this path is used in a database operation without proper validation. The code reads data from 'C:\data.txt' (a potentially unsafe absolute path) and directly uses it to set the database catalog name via 'dbConnection.setCatalog(data)'. This allows for external control of the catalog name, which can lead to SQL injection or unauthorized access to database resources. The absence of explicit path constraints and the flow partial evidence further support the potential for a real vulnerability, as the data from the file could be manipulated by an attacker. Therefore, this is a True Positive."
cwe15,ST_WRITE_TO_STATIC_FROM_INSTANCE_METHOD,juliet/testcases/CWE15_External_Control_of_System_or_Configuration_Setting/CWE15_External_Control_of_System_or_Configuration_Setting__getParameter_Servlet_22a.java,126,TP,1.00,Calibrated,"The analysis indicates a potential vulnerability due to the flow of unvalidated data from a user-controlled source (HTTP request parameter) to a critical operation (setting the database catalog name). The static field 'badPublicStatic' controls whether the bad source is used, which introduces a risk of external control over a system configuration setting. The lack of explicit path constraints and the presence of a data flow from the request parameter to the database catalog setting without proper validation suggest that this is indeed a true positive vulnerability."
cwe15,PA_PUBLIC_PRIMITIVE_ATTRIBUTE,juliet/testcases/CWE15_External_Control_of_System_or_Configuration_Setting/CWE15_External_Control_of_System_or_Configuration_Setting__PropertiesFile_22b.java,107,TP,1.00,Calibrated,"The static analysis alert indicates that a primitive field is public, which can expose sensitive data to external manipulation. In the provided code, the data is read from a properties file, which is an external source. If the public static variable 'badPublicStatic' is true, the application will read from this properties file and set the 'data' variable to a value that could be controlled by an attacker. This is a classic case of the 'External Control of System or Configuration Setting' vulnerability (CWE-15), since the content of the properties file could be altered, leading to potential security risks. Therefore, the data flow from a public configuration source to the sink represents a true positive vulnerability."
cwe15,MS_PKGPROTECT,juliet/testcases/CWE15_External_Control_of_System_or_Configuration_Setting/CWE15_External_Control_of_System_or_Configuration_Setting__PropertiesFile_22a.java,74,TP,1.00,Calibrated,"The static analysis alert indicates that a field (in this case, a public static boolean variable) should be package protected to prevent external control of system or configuration settings. The provided code allows for external control via the public static variable 'badPublicStatic'. This variable is set to true in the 'bad()' method, which causes the program to read a potentially unsafe value from a properties file and set it as the catalog name in a database connection, which may lead to unauthorized access or operations. Since the data flow leads to a potential security vulnerability by allowing external manipulation of the catalog name without proper validation, this is classified as a True Positive."
cwe15,DB_DUPLICATE_BRANCHES,juliet/testcases/CWE15_External_Control_of_System_or_Configuration_Setting/CWE15_External_Control_of_System_or_Configuration_Setting__Property_12.java,85,TP,1.00,Calibrated,"The static analysis alert indicates that the method uses the same code for two branches, specifically in the context of external control of system settings. The `bad()` method in the code reads a system property (`user.home`), which can be influenced by external factors, and then uses that data to set the catalog name in a database connection. This creates a potential vulnerability because if an attacker can manipulate the system property, they could set an unauthorized catalog name, leading to unauthorized access or exploitation of the database. The `goodG2B()` method shows an alternative that avoids this vulnerability by using a hardcoded string instead. Therefore, the analysis identifies a real vulnerability stemming from the control flow and the use of untrusted data in a critical operation. Thus, the conclusion is that this alert is a True Positive."
cwe15,MS_PKGPROTECT,juliet/testcases/CWE15_External_Control_of_System_or_Configuration_Setting/CWE15_External_Control_of_System_or_Configuration_Setting__URLConnection_22a.java,73,TP,1.00,Calibrated,"The alert indicates that a field should be package protected, and the static analysis points to a potential vulnerability involving external control of system settings. In the provided code, the method `bad()` reads data from an external source, which is then used to set the database catalog name. This could potentially allow an attacker to manipulate the database connection by providing malicious input through the URL connection. The use of public static variables to control the flow of data exacerbates the risk, as these variables can be modified externally, leading to unauthorized access or configuration issues. The lack of explicit path constraints and the flow being partially true indicate that there is a real risk associated with this code, thus classifying it as a True Positive."
cwe15,PA_PUBLIC_PRIMITIVE_ATTRIBUTE,juliet/testcases/CWE15_External_Control_of_System_or_Configuration_Setting/CWE15_External_Control_of_System_or_Configuration_Setting__getQueryString_Servlet_22b.java,31,TP,1.00,Calibrated,"The analyzer claims that a primitive field is public, which is evident in the code where a string data variable is being manipulated based on user input from the HTTP request's query string. The data flow shows that the variable 'data' can be influenced by an external source (the URL query string) without proper validation. This behavior aligns with the CWE-15 vulnerability, which deals with external control of system or configuration settings. The lack of path constraints and the fact that the public static variable 'badPublicStatic' can control the flow indicates a potential security risk where an attacker could influence the application's behavior by manipulating the query string. Therefore, this is a true positive."
cwe15,DMI_HARDCODED_ABSOLUTE_FILENAME,juliet/testcases/CWE15_External_Control_of_System_or_Configuration_Setting/CWE15_External_Control_of_System_or_Configuration_Setting__File_15.java,45,TP,1.00,Calibrated,"The code contains a hardcoded reference to an absolute pathname ('C:\data.txt') from which data is read. This data is then used to set the database catalog name with 'dbConnection.setCatalog(data)', which may lead to an external control vulnerability if the content of the file is manipulated or controlled by an attacker. The absence of explicit path constraints and missing constraints further support the claim that this data flow can be exploited, confirming that it is a true positive."
cwe15,DB_DUPLICATE_BRANCHES,juliet/testcases/CWE15_External_Control_of_System_or_Configuration_Setting/CWE15_External_Control_of_System_or_Configuration_Setting__database_12.java,148,TP,1.00,Calibrated,"The code contains a potential vulnerability related to external control of a system or configuration setting. The method reads data from a database, which can be influenced by external input (the database content), and subsequently uses this data to set the catalog name on a database connection. This allows for the possibility of setting a nonexistent catalog name or unauthorized access to parts of the database, which constitutes a security flaw. The fact that both branches of the conditional statement can lead to the use of unsafe data (in the 'bad' case) supports the claim of a true positive vulnerability."
cwe15,MS_PKGPROTECT,juliet/testcases/CWE15_External_Control_of_System_or_Configuration_Setting/CWE15_External_Control_of_System_or_Configuration_Setting__console_readLine_22a.java,74,TP,1.00,Calibrated,"The static analysis alert indicates that a field should be package protected. The code shows that the catalog name is set using data read from the console, which is controlled by a public static variable. This public accessibility can lead to unintended behavior if the variable is modified from outside the class. The lack of explicit path constraints and the fact that data can come from an untrusted source (console input) indicate a potential vulnerability where an attacker could manipulate the catalog name, leading to unauthorized access to the database. Therefore, this data flow represents a real vulnerability, confirming the analysis as a True Positive."
cwe15,PA_PUBLIC_PRIMITIVE_ATTRIBUTE,juliet/testcases/CWE15_External_Control_of_System_or_Configuration_Setting/CWE15_External_Control_of_System_or_Configuration_Setting__console_readLine_22b.java,118,TP,1.00,Calibrated,"The static analysis alert indicates that a primitive field is public, which is a concern in this context. The code reads user input from the console and assigns it to a variable that is then used as a system or configuration setting. This means that an attacker could potentially control the input provided to the application, leading to a security vulnerability (CWE-15: External Control of System or Configuration Setting). The absence of path constraints and the fact that the public static variable directly influences the flow of data reinforces that this is a true positive. The use of user input without proper validation or sanitization can lead to unauthorized access or modification of sensitive settings."
