Alert ID,CWE,File,Line,Analyzer,EVICT Label,Confidence,Stage,Escalated,Rationale
DM_CONVERT_CASE,Unknown,juliet/testcases/CWE23_Relative_Path_Traversal/CWE23_Relative_Path_Traversal__Environment_01.java,37,SpotBugs,ABSTAIN,1.00,Calibrated,False,"The analysis is based on an alert regarding the use of a Locale parameterized version of an invoked method, which suggests that the method could behave differently based on locale settings and potentially lead to issues. The alert is related to CWE-23, a relative path traversal vulnerability, which typically involves user input being used to construct file paths without proper validation. However, the extracted evidence does not provide enough context or details about the specific method or its usage in the code slice to assess whether there is a real vulnerability or not. The code slice is unavailable, and without knowing the actual implementation or how the Locale parameter affects the method, it is impossible to determine the presence of a security vulnerability. Therefore, given the lack of specific information, I must abstain from making a definitive judgment."
DM_CONVERT_CASE,Unknown,juliet/testcases/CWE23_Relative_Path_Traversal/CWE23_Relative_Path_Traversal__Environment_01.java,126,SpotBugs,ABSTAIN,1.00,Calibrated,False,"The alert from SpotBugs suggests considering the use of a Locale parameterized version of an invoked method, which generally relates to methods that deal with locale-sensitive operations such as date, time, or number formatting. However, the alert type is unknown, and the description does not directly correlate with relative path traversal vulnerabilities. The extracted evidence points to a potential path traversal issue, but without access to the source code or specific details about the method invocation, it is impossible to accurately determine if the lack of a Locale parameter is relevant to a security vulnerability in this context. The absence of a code slice prevents any meaningful analysis of data flow or method invocations that could confirm or refute the presence of a vulnerability. Therefore, due to the lack of critical information and the inability to examine code specifics, an educated guess is not feasible."
RCN_REDUNDANT_NULLCHECK_OF_NONNULL_VALUE,Unknown,juliet/testcases/CWE23_Relative_Path_Traversal/CWE23_Relative_Path_Traversal__Environment_01.java,137,SpotBugs,ABSTAIN,1.00,Calibrated,False,Error calling openai: Invalid control character at: line 3 column 530 (char 551)
DM_CONVERT_CASE,Unknown,juliet/testcases/CWE23_Relative_Path_Traversal/CWE23_Relative_Path_Traversal__Environment_02.java,45,SpotBugs,ABSTAIN,1.00,Calibrated,False,"The alert from SpotBugs suggests a potential issue with not using a Locale parameterized version of a method invocation, which might relate to improper handling of locale-specific data. However, without the source code or further context, it is unclear what method is being invoked or how it relates to a potential vulnerability, such as a Relative Path Traversal. The evidence provided is insufficient, as the 'Program Slice' section does not contain any code or details about the method or its parameters. Due to the lack of any substantive code or context, it is impossible to make an informed decision on whether this is a True Positive or False Positive. Therefore, the most appropriate action is to abstain from making a judgment."
DM_CONVERT_CASE,Unknown,juliet/testcases/CWE23_Relative_Path_Traversal/CWE23_Relative_Path_Traversal__Environment_02.java,139,SpotBugs,ABSTAIN,1.00,Calibrated,False,"The alert provided by SpotBugs suggests that there is a potential vulnerability related to not using a Locale parameterized version of a method. The evidence indicates that there is a data flow between a source and a sink at the same location in the file, but without access to the actual code or further context, it is impossible to determine whether this constitutes a security vulnerability. The mention of 'Locale parameterized version' hints at potential issues with localization or internationalization, which might not directly relate to path traversal unless there are string manipulations that are locale-dependent. However, without the actual code slice or more detailed information on the method in question and its parameters, it is not feasible to assess the preconditions or predict the presence of a vulnerability accurately. Therefore, the decision is ABSTAIN due to insufficient information."
DM_CONVERT_CASE,Unknown,juliet/testcases/CWE23_Relative_Path_Traversal/CWE23_Relative_Path_Traversal__Environment_02.java,231,SpotBugs,ABSTAIN,1.00,Calibrated,False,"The alert is related to using a Locale parameterized version of an invoked method, which suggests a potential issue with localization or format-sensitive operations. The evidence indicates a potential taint flow from a source to a sink, but without the actual code slice or any details about the method or how the data is being used, it is impossible to determine whether or not this represents a security vulnerability. The relevant precondition would be that the method in question performs operations that are affected by locale settings, such as string formatting or date parsing, without specifying a locale, leading to inconsistent or insecure behavior. However, without the source code or more details about the method invocation, it is impossible to evaluate these preconditions. Given the lack of concrete information, an educated guess cannot be made, leading to the decision to abstain."
RCN_REDUNDANT_NULLCHECK_OF_NONNULL_VALUE,Unknown,juliet/testcases/CWE23_Relative_Path_Traversal/CWE23_Relative_Path_Traversal__Environment_02.java,150,SpotBugs,FP,1.00,Calibrated,False,"The analyzer, SpotBugs, has raised an alert for a 'Redundant nullcheck of value known to be non-null'. This suggests that there is a null check in the code that is unnecessary because the value being checked is guaranteed to be non-null. The evidence provided indicates that both the source location and the sink location are the same, and there is a lack of constraints, which means there is no indication of how the value could potentially be null. This matches the description of a redundant null check, which is typically a code quality issue rather than a security vulnerability. Without more evidence of taint flow or a potential security impact, this alert is best classified as a False Positive in terms of security vulnerabilities."
RCN_REDUNDANT_NULLCHECK_OF_NONNULL_VALUE,Unknown,juliet/testcases/CWE23_Relative_Path_Traversal/CWE23_Relative_Path_Traversal__Environment_02.java,242,SpotBugs,FP,1.00,Calibrated,False,"The SpotBugs alert indicates a 'Redundant nullcheck of value known to be non-null'. This suggests that the analyzer detected a code pattern where a null check is performed on a variable that has already been determined to be non-null, thus making the check unnecessary. For this to be part of a security vulnerability, the null check would need to be masking a deeper issue, such as a potential use of an uninitialized variable that could later become a null dereference or cause unexpected behavior. However, the description and evidence do not suggest any such condition. The alert doesn't point to any dataflow issue from source to sink that would typically be associated with a security vulnerability like a path traversal, SQL injection, or similar. Furthermore, the alert type indicates redundancy rather than a vulnerability pattern. With the information provided, including the lack of constraints and the specific mention of redundancy, it is reasonable to conclude that this alert is a false positive in terms of security vulnerability."
DM_CONVERT_CASE,Unknown,juliet/testcases/CWE23_Relative_Path_Traversal/CWE23_Relative_Path_Traversal__Environment_03.java,45,SpotBugs,ABSTAIN,1.00,Calibrated,False,"The alert from SpotBugs suggests using a Locale parameterized version of an invoked method, which typically relates to issues around locale-dependent behavior in methods that handle formatting or parsing of locale-sensitive data. The alert is generated due to a potential flaw in handling inputs that are locale-sensitive, such as dates, numbers, etc., without specifying the locale explicitly. However, the provided evidence lacks any specific code to analyze. The source and sink locations are the same and point to a line in a Java file, but without the actual code snippet, it is impossible to make an informed judgment about whether the absence of a Locale parameter leads to a real security vulnerability. Additionally, the alert mentions missing constraints, which further limits the analysis. Given the complete lack of code or detailed context, I cannot ascertain whether the issue is a true security vulnerability or a false positive. Therefore, the decision is to abstain."
